{
  "__type__": "cc.SpriteFrame",
  "content": {
    "name": "coin",
    "atlas": "",
    "rect": {
      "x": 8,
      "y": 8,
      "width": 496,
      "height": 496
    },
    "offset": {
      "x": 0,
      "y": 0
    },
    "originalSize": {
      "width": 512,
      "height": 512
    },
    "rotated": false,
    "capInsets": [
      0,
      0,
      0,
      0
    ],
    "vertices": {
      "rawPosition": [
        -248,
        -248,
        0,
        248,
        -248,
        0,
        -248,
        248,
        0,
        248,
        248,
        0
      ],
      "indexes": [
        0,
        1,
        2,
        2,
        1,
        3
      ],
      "uv": [
        8,
        504,
        504,
        504,
        8,
        8,
        504,
        8
      ],
      "nuv": [
        0.015625,
        0.015625,
        0.984375,
        0.015625,
        0.015625,
        0.984375,
        0.984375,
        0.984375
      ],
      "minPos": {
        "x": -248,
        "y": -248,
        "z": 0
      },
      "maxPos": {
        "x": 248,
        "y": 248,
        "z": 0
      }
    },
    "texture": "46533439-25bb-46da-8e03-c382829c9ba1@6c48a",
    "packable": true,
    "pixelsToUnit": 100,
    "pivot": {
      "x": 0.5,
      "y": 0.5
    },
    "meshType": 0
  }
}